INSERT INTO Kullanici (Mail, Sifre, KullaniciAdi, Adi, Soyadi) VALUES
('ahmet.yilmaz@example.com', 'password1', 'ahmet.yilmaz', 'Ahmet', 'Yılmaz'),
('mehmet.kara@example.com', 'password2', 'mehmet.kara', 'Mehmet', 'Kara'),
('ayse.demir@example.com', 'password3', 'ayse.demir', 'Ayşe', 'Demir'),
('fatma.celik@example.com', 'password4', 'fatma.celik', 'Fatma', 'Çelik'),
('ali.kaya@example.com', 'password5', 'ali.kaya', 'Ali', 'Kaya'),
('veli.arslan@example.com', 'password6', 'veli.arslan', 'Veli', 'Arslan'),
('zeynep.aydin@example.com', 'password7', 'zeynep.aydinn', 'Zeynep', 'Aydın'),
('emine.sonmez@example.com', 'password8', 'emine.sonmez', 'Emine', 'Sönmez'),
('hasan.gul@example.com', 'password9', 'hasan.gul', 'Hasan', 'Gül'),
('huseyin.ozturk@example.com', 'password10', 'huseyin.ozturk', 'Hüseyin', 'Öztürk'),
('fatih.acar@example.com', 'password11', 'fatih.acar', 'Fatih', 'Acar'),
('ayhan.yurt@example.com', 'password12', 'ayhan.yurt', 'Ayhan', 'Yurt'),
('seda.koc@example.com', 'password13', 'seda.koc', 'Seda', 'Koç'),
('sibel.kara@example.com', 'password14', 'sibel.kara', 'Sibel', 'Kara'),
('mehmet.polat@example.com', 'password15', 'mehmet.polat', 'Mehmet', 'Polat'),
('oya.akman@example.com', 'password16', 'oya.akman', 'Oya', 'Akman'),
('mert.kara@example.com', 'password17', 'mert.karaa', 'Mert', 'Kara'),
('pelin.basar@example.com', 'password18', 'pelin.basar', 'Pelin', 'Başar'),
('baris.erdem@example.com', 'password19', 'baris.erdem', 'Barış', 'Erdem'),
('cagri.akkaya@example.com', 'password20', 'cagri.akkaya', 'Cem', 'Akkaya'),
('selin.yilmaz@example.com', 'password21', 'selin.yilmaz', 'Selin', 'Yılmaz'),
('ali.demir@example.com', 'password22', 'ali.demir', 'Ali', 'Demir'),
('gizem.karaca@example.com', 'password23', 'gizem.karaca', 'Gizem', 'Karaca'),
('oguz.yalcin@example.com', 'password24', 'oguz.yalcin', 'Oğuz', 'Yalçın'),
('hande.yuz@example.com', 'password25', 'hande.yuz', 'Hande', 'Yüz'),
('riza.sahin@example.com', 'password26', 'riza.sahin', 'Rıza', 'Şahin'),
('meltem.yuz@example.com', 'password27', 'meltem.yuz', 'Meltem', 'Yüz'),
('berk.kara@example.com', 'password28', 'berk.kara', 'Berk', 'Kara'),
('deniz.sonmez@example.com', 'password29', 'deniz.sonmez', 'Deniz', 'Sönmez'),
('yasemin.guler@example.com', 'password30', 'yasemin.guler', 'Yasemin', 'Güler'),
('emre.celik@example.com', 'password31', 'emre.celik', 'Emre', 'Çelik'),
('burcu.sonmez@example.com', 'password32', 'burcu.sonmez', 'Burcu', 'Sönmez'),
('aydin.ozdemir@example.com', 'password33', 'aydin.ozdemir', 'Aydın', 'Özdemir'),
('cansu.gunduz@example.com', 'password34', 'cansu.gunduz', 'Cansu', 'Gündüz'),
('ahmet.kaya@example.com', 'password35', 'ahmet.kaya', 'Ahmet', 'Kaya'),
('zeynep.aydin@example.com', 'password36', 'zeynep.aydin', 'Zeynep', 'Aydın'),
('riza.kara@example.com', 'password37', 'riza.kara', 'Rıza', 'Kara'),
('seda.celik@example.com', 'password38', 'seda.celik', 'Seda', 'Çelik'),
('merve.kara@example.com', 'password39', 'merve.kara', 'Merve', 'Kara'),
('ali.koc@example.com', 'password40', 'ali.koc', 'Ali', 'Koç'),
('aylin.basar@example.com', 'password41', 'aylin.basar', 'Aylin', 'Başar'),
('gokhan.yalcin@example.com', 'password42', 'gokhan.yalcin', 'Gökhan', 'Yalçın'),
('seda.erdem@example.com', 'password43', 'seda.erdem', 'Seda', 'Erdem'),
('emre.yuz@example.com', 'password44', 'emre.yuz', 'Emre', 'Yüz'),
('sibel.akman@example.com', 'password45', 'sibel.akman', 'Sibel', 'Akman'),
('berk.sahin@example.com', 'password46', 'berk.sahin', 'Berk', 'Şahin'),
('elif.yilmaz@example.com', 'password47', 'elif.yilmaz', 'Elif', 'Yılmaz'),
('mehmet.kara@example.com', 'password48', 'mehmett.kara', 'Mehmet', 'Kara'),
('zeynep.yuz@example.com', 'password49', 'zeynep.yuz', 'Zeynep', 'Yüz');


INSERT INTO film (Ad, filmaciklamasi, Puan, Populerlik) VALUES
('The Shawshank Redemption', 'Andy Dufresne, haksız yere suçlu bulunarak Shawshank Hapishanesi''ne gönderilen bir bankerdir. Hapisteki hayatı boyunca, diğer mahkumlarla arkadaşlıklar kurar ve hapishaneden kaçış planları yapar. Bu süreçte umudunu ve özgürlüğü arar.', 9.3, 9.1),
('The Godfather', 'Don Vito Corleone, New York''taki en güçlü mafya ailesinin başkanıdır. Ailesinin ve işlerinin varlığını korumak için yaptığı fedakarlıklar, onu efsanevi bir figür yapar. Film, Corleone ailesinin karmaşık iç dinamiklerini ve güç mücadelesini anlatır.', 9.2, 9.0),
('The Dark Knight', 'Gotham City''nin en büyük suçlusu olan Joker, şehri kaosa sürükler. Batman, Joker''in planlarını engellemeye çalışırken, hem kişisel hem de toplumsal sınavlarla karşı karşıya kalır.', 9.0, 8.9),
('Pulp Fiction', 'Birbirinden bağımsız gibi görünen dört hikaye, Los Angeles''taki suç dünyasında kesişir. Film, çeşitli karakterlerin karmaşık ilişkilerini ve trajikomik olaylarını anlatır.', 8.9, 8.7),
('Forrest Gump', 'Forrest Gump, zeka seviyesi düşük bir adam olmasına rağmen, Amerikalı bir kahraman olarak hayatını anlatan bir öykü. Film, Gump''ın hayatının çeşitli dönemlerinde karşılaştığı olayları ve insanları gözler önüne serer.', 8.8, 8.5),
('Fight Club', 'Bir reklam yöneticisi, kendisini bir ''dövüş kulübü''nde bulur. Bu gizli kulüp, toplumsal normlara karşı bir başkaldırı olarak başlar, ancak işler karmaşıklaşır ve şiddet dolu bir hal alır.', 8.8, 8.4),
('The Matrix', 'Neo, gerçeklikten şüphe eden bir bilgisayar programcısıdır. Bir gün, gerçek dünyayı kontrol eden makinelerin varlığını öğrenir ve insanları bu yapay dünyadan kurtarmak için savaşır.', 8.7, 8.6),
('Gladiator', 'Maximus, Roma İmparatorluğu''nun en güçlü generalidir. İmparator Commodus''un ihaneti sonucu köle olarak satılır ve arenada hayatta kalma mücadelesi verir. Maximus, intikamını almak için savaşır.', 8.5, 8.2),
('The Silence of the Lambs', 'Genç bir FBI ajanı, bir seri katili yakalamak için diğer bir dahi suçlu olan Dr. Hannibal Lecter''dan yardım alır. Film, psikolojik gerilim ve suç unsurlarını harmanlar.', 8.6, 8.3),
('Se7en', 'İki dedektif, şehirde işlenen yedi büyük günahı temsil eden cinayetleri araştırırken, bir psikopatın korkunç planlarını ortaya çıkarır. Film, yoğun gerilim ve karanlık bir atmosfer sunar.', 8.6, 8.1),
('The Usual Suspects', 'Bir grup suçlu, bir suçun arkasında yatan gizemli bir figür olan Keyser Söze''yi bulmak için bir araya gelir. Film, karmaşık bir hikaye ve sürpriz bir son ile dikkat çeker.', 8.5, 8.0),
('The Departed', 'Bir polis memuru, bir suç örgütü içindeki ajan olarak çalışırken, aynı suç örgütü içinde bir ajan da suç örgütünün içindedir. İki adam, birbirlerinin kimliğini açığa çıkarmaya çalışır.', 8.5, 8.2),
('Inglourious Basterds', 'II. Dünya Savaşı sırasında, bir grup Yahudi askeri, Nazi liderlerini öldürmek için cesur bir plan yapar. Film, alternatif tarih ve aksiyon unsurlarını birleştirir.', 8.3, 8.0),
('Interstellar', 'Bir grup astronot, insanlığın hayatta kalması için yeni bir gezegen arayışına çıkar. Film, uzay ve zaman kavramları üzerine derin bir inceleme sunar.', 8.6, 8.3),
('Parasite', 'Zengin bir ailenin evine sızan fakir bir aile, kendi yaşamlarını iyileştirmeye çalışırken karmaşık bir güç mücadelesi yaşar. Film, toplumsal sınıflar arasındaki çatışmaları ele alır.', 8.6, 8.4),
('Whiplash', 'Bir genç davulcu, başarılı bir caz müzisyeni olmak için acımasız bir öğretmenin gözetiminde yoğun bir eğitim sürecine girer. Film, tutku ve mükemmeliyetçilik üzerine yoğunlaşır.', 8.5, 8.2),
('Joker', 'Arthur Fleck, toplumun dışladığı bir adam olarak, kendini Joker karakterine dönüştürür. Film, toplumsal yabancılaşma ve bireysel çöküşü inceler.', 8.4, 8.0),
('Django Unchained', 'Bir köle, eski bir dişçi tarafından özgürlüğüne kavuşturulur ve bir ödül avcısı olarak eğitim alır. Django, karısını kurtarmak için bir plan yapar.', 8.4, 8.2),
('The Revenant', 'Hugh Glass, bir ayı saldırısından sağ kurtulup, ihanete uğradıktan sonra intikam için zorlu bir yolculuğa çıkar. Film, hayatta kalma ve intikam temasını işler.', 8.0, 8.1),
('The Prestige', 'İki sihirbaz, birbirlerine karşı kıyasıya rekabet ederken, şüpheyle dolu bir sırra ulaşmaya çalışır. Film, illüzyon ve gerçeklik arasındaki ince çizgiyi araştırır.', 8.5, 8.3),
('A Beautiful Mind', 'John Nash, dahi bir matematikçidir ve şizofreni ile mücadelesini anlatan bir biyografi filmidir. Nash''in hayatı ve başarıları üzerinde durur.', 8.2, 8.1),
('Eternal Sunshine of the Spotless Mind', 'Bir çift, ilişkilerindeki acı verici anıları silmek için bir prosedüre girer. Ancak, işlem sırasında duygularını yeniden keşfederler.', 8.3, 8.2),
('The Grand Budapest Hotel', 'Bir otel sahibi ve onun genç usta yardımcısının maceralarını anlatan film, bir cinayet ve çalıntı bir tablo etrafında gelişir. Film, komedi ve dramayı birleştirir.', 8.1, 8.0),
('The Lion King', 'Küçük bir aslan olan Simba, babasının ölümünden sonra krallığını geri almak için bir yolculuğa çıkar. Film, cesaret ve sorumluluk temalarını işler.', 8.5, 8.4),
('Avatar', 'Pandora gezegeninde yaşayan mavi tenli Na''vi halkı ile insan işgalciler arasındaki çatışmayı konu alır. Film, teknolojik ve ekolojik temaları birleştirir.', 7.8, 8.1),
('Jumanji', 'Bir masa oyunu, gerçek bir hayatta kalma macerasına dönüşür. Oyuncular, oyunu tamamlayarak evlerine dönmeye çalışırlar.', 7.9, 8.2),
('The Sixth Sense', 'Bir çocuk, ölüleri görebilme yeteneğine sahiptir ve bir terapist tarafından yardım arar. Film, psikolojik gerilim ve sürpriz bir son içerir.', 8.1, 8.0);



-- The Shawshank Redemption (FilmID: 1)
INSERT INTO Oyuncular (FilmID, Oyuncu) VALUES
(1, 'Tim Robbins'),
(1, 'Morgan Freeman'),
(1, 'Bob Gunton'),
(1, 'William Sadler'),
(1, 'Clancy Brown');

-- The Godfather (FilmID: 2)
INSERT INTO Oyuncular (FilmID, Oyuncu) VALUES
(2, 'Marlon Brando'),
(2, 'Al Pacino'),
(2, 'James Caan'),
(2, 'Richard S. Castellano'),
(2, 'Diane Keaton');

-- The Dark Knight (FilmID: 3)
INSERT INTO Oyuncular (FilmID, Oyuncu) VALUES
(3, 'Christian Bale'),
(3, 'Heath Ledger'),
(3, 'Aaron Eckhart'),
(3, 'Michael Caine'),
(3, 'Maggie Gyllenhaal');

-- Pulp Fiction (FilmID: 4)
INSERT INTO Oyuncular (FilmID, Oyuncu) VALUES
(4, 'John Travolta'),
(4, 'Uma Thurman'),
(4, 'Samuel L. Jackson'),
(4, 'Bruce Willis'),
(4, 'Ving Rhames');

-- Forrest Gump (FilmID: 5)
INSERT INTO Oyuncular (FilmID, Oyuncu) VALUES
(5, 'Tom Hanks'),
(5, 'Robin Wright'),
(5, 'Gary Sinise'),
(5, 'Sally Field'),
(5, 'Mykelti Williamson');

-- Fight Club (FilmID: 6)
INSERT INTO Oyuncular (FilmID, Oyuncu) VALUES
(6, 'Brad Pitt'),
(6, 'Edward Norton'),
(6, 'Helena Bonham Carter'),
(6, 'Jared Leto'),
(6, 'Meat Loaf');

-- The Matrix (FilmID: 7)
INSERT INTO Oyuncular (FilmID, Oyuncu) VALUES
(7, 'Keanu Reeves'),
(7, 'Laurence Fishburne'),
(7, 'Carrie-Anne Moss'),
(7, 'Hugo Weaving'),
(7, 'Gloria Foster');

-- Gladiator (FilmID: 8)
INSERT INTO Oyuncular (FilmID, Oyuncu) VALUES
(8, 'Russell Crowe'),
(8, 'Joaquin Phoenix'),
(8, 'Connie Nielsen'),
(8, 'Oliver Reed'),
(8, 'Richard Harris');

-- The Silence of the Lambs (FilmID: 9)
INSERT INTO Oyuncular (FilmID, Oyuncu) VALUES
(9, 'Jodie Foster'),
(9, 'Anthony Hopkins'),
(9, 'Scott Glenn'),
(9, 'Ted Levine'),
(9, 'Brooke Smith');

-- Se7en (FilmID: 10)
INSERT INTO Oyuncular (FilmID, Oyuncu) VALUES
(10, 'Brad Pitt'),
(10, 'Morgan Freeman'),
(10, 'Kevin Spacey'),
(10, 'Gwyneth Paltrow'),
(10, 'John C. McGinley');

-- The Usual Suspects (FilmID: 11)
INSERT INTO Oyuncular (FilmID, Oyuncu) VALUES
(11, 'Kevin Spacey'),
(11, 'Gabriel Byrne'),
(11, 'Chazz Palminteri'),
(11, 'Stephen Baldwin'),
(11, 'Benicio del Toro');

-- The Departed (FilmID: 12)
INSERT INTO Oyuncular (FilmID, Oyuncu) VALUES
(12, 'Leonardo DiCaprio'),
(12, 'Matt Damon'),
(12, 'Jack Nicholson'),
(12, 'Mark Wahlberg'),
(12, 'Martin Sheen');

-- Inglourious Basterds (FilmID: 13)
INSERT INTO Oyuncular (FilmID, Oyuncu) VALUES
(13, 'Brad Pitt'),
(13, 'Christoph Waltz'),
(13, 'Diane Kruger'),
(13, 'Eli Roth'),
(13, 'Michael Fassbender');

-- Interstellar (FilmID: 14)
INSERT INTO Oyuncular (FilmID, Oyuncu) VALUES
(14, 'Matthew McConaughey'),
(14, 'Anne Hathaway'),
(14, 'Jessica Chastain'),
(14, 'Michael Caine'),
(14, 'Bill Irwin');

-- Parasite (FilmID: 15)
INSERT INTO Oyuncular (FilmID, Oyuncu) VALUES
(15, 'Song Kang-ho'),
(15, 'Lee Sun-kyun'),
(15, 'Cho Yeo-jeong'),
(15, 'Choi Woo-shik'),
(15, 'Park So-dam');

-- Whiplash (FilmID: 16)
INSERT INTO Oyuncular (FilmID, Oyuncu) VALUES
(16, 'Miles Teller'),
(16, 'J.K. Simmons'),
(16, 'Paul Reiser'),
(16, 'Melissa Benoist'),
(16, 'Austin Stowell');

-- Joker (FilmID: 17)
INSERT INTO Oyuncular (FilmID, Oyuncu) VALUES
(17, 'Joaquin Phoenix'),
(17, 'Robert De Niro'),
(17, 'Zazie Beetz'),
(17, 'Frances Conroy'),
(17, 'Brett Cullen');

-- Django Unchained (FilmID: 18)
INSERT INTO Oyuncular (FilmID, Oyuncu) VALUES
(18, 'Jamie Foxx'),
(18, 'Christoph Waltz'),
(18, 'Leonardo DiCaprio'),
(18, 'Kerry Washington'),
(18, 'Samuel L. Jackson');

-- The Revenant (FilmID: 19)
INSERT INTO Oyuncular (FilmID, Oyuncu) VALUES
(19, 'Leonardo DiCaprio'),
(19, 'Tom Hardy'),
(19, 'Domhnall Gleeson'),
(19, 'Will Poulter'),
(19, 'Paul Anderson');

-- The Prestige (FilmID: 20)
INSERT INTO Oyuncular (FilmID, Oyuncu) VALUES
(20, 'Christian Bale'),
(20, 'Hugh Jackman'),
(20, 'Scarlett Johansson'),
(20, 'Michael Caine'),
(20, 'Rebecca Hall');

-- A Beautiful Mind (FilmID: 21)
INSERT INTO Oyuncular (FilmID, Oyuncu) VALUES
(21, 'Russell Crowe'),
(21, 'Jennifer Connelly'),
(21, 'Ed Harris'),
(21, 'Paul Bettany'),
(21, 'Adam Goldberg');

-- Eternal Sunshine of the Spotless Mind (FilmID: 22)
INSERT INTO Oyuncular (FilmID, Oyuncu) VALUES
(22, 'Jim Carrey'),
(22, 'Kate Winslet'),
(22, 'Elijah Wood'),
(22, 'Mark Ruffalo'),
(22, 'Kirsten Dunst');

-- The Grand Budapest Hotel (FilmID: 23)
INSERT INTO Oyuncular (FilmID, Oyuncu) VALUES
(23, 'Ralph Fiennes'),
(23, 'F. Murray Abraham'),
(23, 'Mathieu Amalric'),
(23, 'Adrien Brody'),
(23, 'Willem Dafoe');

-- The Lion King (FilmID: 24)
INSERT INTO Oyuncular (FilmID, Oyuncu) VALUES
(24, 'Matthew Broderick'),
(24, 'James Earl Jones'),
(24, 'Jeremy Irons'),
(24, 'Moira Kelly'),
(24, 'Nathan Lane');

-- Avatar (FilmID: 25)
INSERT INTO Oyuncular (FilmID, Oyuncu) VALUES
(25, 'Sam Worthington'),
(25, 'Zoe Saldana'),
(25, 'Sigourney Weaver'),
(25, 'Stephen Lang'),
(25, 'Michelle Rodriguez');

-- Jumanji (FilmID: 26)
INSERT INTO Oyuncular (FilmID, Oyuncu) VALUES
(26, 'Robin Williams'),
(26, 'Kirsten Dunst'),
(26, 'Bonnie Hunt'),
(26, 'Jonathan Hyde'),
(26, 'David Alan Grier');

-- The Sixth Sense (FilmID: 27)
INSERT INTO Oyuncular (FilmID, Oyuncu) VALUES
(27, 'Bruce Willis'),
(27, 'Haley Joel Osment'),
(27, 'Toni Collette'),
(27, 'Olivia Williams'),
(27, 'Donald Curtis');

INSERT INTO PopulerFilmListesi (FilmID) VALUES
(1),  
(2),   
(3),   
(4),   
(5),   
(6),   
(7),   
(8),   
(9),  
(10);  



INSERT INTO Icerir (KullaniciID, FilmID) VALUES
(1, 1),(1, 2),(1, 3),(1, 4),
(2, 2),(2, 5),(2, 6),
(3, 1),(3, 7),(3, 8),
(4, 3),(4, 9),(4, 10),
(5, 4),(5, 11),(5, 12),
(6, 5),(6, 13),(6, 14),
(7, 6),(7, 15),(7, 16),
(8, 7),(8, 17),(8, 18),
(9, 8),(9, 19),(9, 20),
(10, 9),(10, 1),(10, 5),
(11, 10),(11, 11),(11, 12),
(12, 13),(12, 14),(12, 15),
(13, 16),(13, 17),(13, 18),
(14, 19),(14, 20),(14, 1),
(15, 2),(15, 4),(15, 6),
(16, 7),(16, 8),(16, 9),
(17, 10),(17, 11),(17, 12),
(18, 13),(18, 14),(18, 15),
(19, 16),(19, 17),(19, 18),
(20, 19),(20, 20),(20, 1),
(21, 2),(21, 4),(21, 7),
(22, 3),(22, 6),(22, 10),
(23, 5),(23, 8),(23, 13),
(24, 11),(24, 15),(24, 17),
(25, 1),(25, 14),(25, 16),
(26, 2),(26, 9),(26, 18),
(27, 3),(27, 12),(27, 20),
(28, 4),(28, 11),(28, 13),
(29, 5),(29, 7),(29, 17),
(30, 6),(30, 8),(30, 12),
(31, 9),(31, 14),(31, 19),
(32, 10),(32, 15),(32, 20),
(33, 11),(33, 18),(33, 2),
(34, 12),(34, 16),(34, 5),
(35, 13),(35, 19),(35, 7),
(36, 14),(36, 20),(36, 9),
(37, 15),(37, 6),(37, 11),
(38, 16),(38, 12),(38, 8),
(39, 17),(39, 3),(39, 20),
(40, 18),(40, 4),(40, 13),
(41, 19),(41, 1),(41, 6),
(42, 20),(42, 7),(42, 12),
(43, 5),(43, 14),(43, 17),
(44, 8),(44, 9),(44, 16),
(45, 11),(45, 20),(45, 3),
(46, 12),(46, 15),(46, 8),
(47, 13),(47, 19),(47, 5),
(48, 14),(48, 16),(48, 7),
(49, 15),(49, 1),(49, 20);


INSERT INTO Genre (GenreAdi) VALUES
('Action'),
('Adventure'),
('Comedy'),
('Drama'),
('Fantasy'),
('Horror'),
('Romance'),
('Science Fiction'),
('Thriller'),
('Mystery');


INSERT INTO Aittir (FilmID, GenreAdi) VALUES
(1, 'Drama'),
(2, 'Drama'),(2, 'Horror'),
(3, 'Action'),(3, 'Horror'),(3, 'Drama'),
(4, 'Horror'),(4, 'Drama'),
(5, 'Drama'),(5, 'Romance'),
(6, 'Drama'),(6, 'Action'),
(7, 'Action'),(7, 'Science Fiction'),
(8, 'Action'),(8, 'Drama'),
(9, 'Horror'),(9, 'Thriller'),
(10, 'Horror'),(10, 'Thriller'),
(11, 'Horror'),(11, 'Mystery'),
(12, 'Horror'),(12, 'Drama'),(12, 'Thriller'),
(13, 'Action'),(13, 'Drama'),
(14, 'Adventure'),(14, 'Drama'),(14, 'Science Fiction'),
(15, 'Drama'),(15, 'Thriller'),
(16, 'Drama'),
(17, 'Drama'),(17, 'Thriller'),
(18, 'Action'),(18, 'Drama'),
(19, 'Action'),(19, 'Drama'),(19, 'Adventure'),
(20, 'Drama'),(20, 'Mystery'),(20, 'Thriller'),
(21, 'Fantasy'),(21, 'Drama'),
(22, 'Drama'),(22, 'Romance'),(22, 'Science Fiction'),
(23, 'Comedy'),(23, 'Drama'),
(24, 'Fantasy'),(24, 'Adventure'),(24, 'Drama'),
(25, 'Action'),(25, 'Adventure'),(25, 'Science Fiction'),
(26, 'Adventure'),(26, 'Comedy'),
(27, 'Drama'),(27, 'Mystery'),(27, 'Thriller');


INSERT INTO Begenir (KullaniciID, FilmID, BegenmeTarihi) VALUES
(1, 1, '2024-01-01'),(1, 2, '2024-01-02'),(1, 3, '2024-01-03'),
(2, 4, '2024-02-01'),(2, 5, '2024-02-02'),
(3, 6, '2024-03-01'),(3, 7, '2024-03-02'),
(4, 8, '2024-04-01'),(4, 9, '2024-04-02'),
(5, 10, '2024-05-01'),(5, 11, '2024-05-02'),
(6, 12, '2024-06-01'),(6, 13, '2024-06-02'),
(7, 14, '2024-07-01'),(7, 15, '2024-07-02'),
(8, 16, '2024-08-01'),(8, 17, '2024-08-02'),
(9, 18, '2024-09-01'),(9, 19, '2024-09-02'),
(10, 20, '2024-10-01'),(10, 1, '2024-10-02'),
(11, 2, '2024-11-01'),(11, 3, '2024-11-02'),
(12, 4, '2024-12-01'),(12, 5, '2024-12-02'),
(13, 6, '2024-01-04'),(13, 7, '2024-01-05'),
(14, 8, '2024-02-03'),(14, 9, '2024-02-04'),
(15, 10, '2024-03-03'),(15, 11, '2024-03-04'),
(16, 12, '2024-04-03'),(16, 13, '2024-04-04'),
(17, 14, '2024-05-03'),(17, 15, '2024-05-04'),
(18, 16, '2024-06-03'),(18, 17, '2024-06-04'),
(19, 18, '2024-07-03'),(19, 19, '2024-07-04'),
(20, 20, '2024-08-03'),(20, 1, '2024-08-04'),
(21, 2, '2024-09-03'),(21, 3, '2024-09-04'),
(22, 4, '2024-10-03'),(22, 5, '2024-10-04'),
(23, 6, '2024-11-03'),(23, 7, '2024-11-04'),
(24, 8, '2024-12-03'),(24, 9, '2024-12-04'),
(25, 10, '2024-01-06'),(25, 11, '2024-01-07'),
(26, 12, '2024-02-05'),(26, 13, '2024-02-06'),
(27, 14, '2024-03-05'),(27, 15, '2024-03-06'),
(28, 16, '2024-04-05'),(28, 17, '2024-04-06'),
(29, 18, '2024-05-05'),(29, 19, '2024-05-06'),
(30, 20, '2024-06-05'),(30, 1, '2024-06-06'),
(31, 2, '2024-07-05'),(31, 3, '2024-07-06'),
(32, 4, '2024-08-05'),(32, 5, '2024-08-06'),
(33, 6, '2024-09-05'),(33, 7, '2024-09-06'),
(34, 8, '2024-10-05'),(34, 9, '2024-10-06'),
(35, 10, '2024-11-05'),(35, 11, '2024-11-06'),
(36, 12, '2024-12-05'),(36, 13, '2024-12-06'),
(37, 14, '2024-01-08'),(37, 15, '2024-01-09'),
(38, 16, '2024-02-07'),(38, 17, '2024-02-08'),
(39, 18, '2024-03-07'),(39, 19, '2024-03-08'),
(40, 20, '2024-04-07'),(40, 1, '2024-04-08'),
(41, 2, '2024-05-07'),(41, 3, '2024-05-08'),
(42, 4, '2024-06-07'),(42, 5, '2024-06-08'),
(43, 6, '2024-07-07'),(43, 7, '2024-07-08'),
(44, 8, '2024-08-07'),(44, 9, '2024-08-08'),
(45, 10, '2024-09-07'),(45, 11, '2024-09-08'),
(46, 12, '2024-10-07'),(46, 13, '2024-10-08'),
(47, 14, '2024-11-07'),(47, 15, '2024-11-08'),
(48, 16, '2024-12-07'),(48, 17, '2024-12-08'),
(49, 18, '2024-01-10'),(49, 19, '2024-01-11'),(49, 20, '2024-01-12');


insert into Izler(kullaniciid,filmid,izlemetarihi) Values
(1, 1, '2024-01-01'),(1, 2, '2024-01-02'),(1, 3, '2024-01-03'),
(2, 4, '2024-02-01'),(2, 5, '2024-02-02'),
(3, 6, '2024-03-01'),(3, 7, '2024-03-02'),
(4, 8, '2024-04-01'),(4, 9, '2024-04-02'),
(5, 10, '2024-05-01'),(5, 11, '2024-05-02'),
(6, 12, '2024-06-01'),(6, 13, '2024-06-02'),
(7, 14, '2024-07-01'),(7, 15, '2024-07-02'),
(8, 16, '2024-08-01'),(8, 17, '2024-08-02'),
(9, 18, '2024-09-01'),(9, 19, '2024-09-02'),
(10, 20, '2024-10-01'),(10, 1, '2024-10-02'),
(11, 2, '2024-11-01'),(11, 3, '2024-11-02'),
(12, 4, '2024-12-01'),(12, 5, '2024-12-02'),
(13, 6, '2024-01-04'),(13, 7, '2024-01-05'),
(14, 8, '2024-02-03'),(14, 9, '2024-02-04'),
(15, 10, '2024-03-03'),(15, 11, '2024-03-04'),
(16, 12, '2024-04-03'),(16, 13, '2024-04-04'),
(17, 14, '2024-05-03'),(17, 15, '2024-05-04'),
(18, 16, '2024-06-03'),(18, 17, '2024-06-04'),
(19, 18, '2024-07-03'),(19, 19, '2024-07-04'),
(20, 20, '2024-08-03'),(20, 1, '2024-08-04'),
(21, 2, '2024-09-03'),(21, 3, '2024-09-04'),
(22, 4, '2024-10-03'),(22, 5, '2024-10-04'),
(23, 6, '2024-11-03'),(23, 7, '2024-11-04'),
(24, 8, '2024-12-03'),(24, 9, '2024-12-04'),
(25, 10, '2024-01-06'),(25, 11, '2024-01-07'),
(26, 12, '2024-02-05'),(26, 13, '2024-02-06'),
(27, 14, '2024-03-05'),(27, 15, '2024-03-06'),
(28, 16, '2024-04-05'),(28, 17, '2024-04-06'),
(29, 18, '2024-05-05'),(29, 19, '2024-05-06'),
(30, 20, '2024-06-05'),(30, 1, '2024-06-06'),
(31, 2, '2024-07-05'),(31, 3, '2024-07-06'),
(32, 4, '2024-08-05'),(32, 5, '2024-08-06'),
(33, 6, '2024-09-05'),(33, 7, '2024-09-06'),
(34, 8, '2024-10-05'),(34, 9, '2024-10-06'),
(35, 10, '2024-11-05'),(35, 11, '2024-11-06'),
(36, 12, '2024-12-05'),(36, 13, '2024-12-06'),
(37, 14, '2024-01-08'),(37, 15, '2024-01-09'),
(38, 16, '2024-02-07'),(38, 17, '2024-02-08'),
(39, 18, '2024-03-07'),(39, 19, '2024-03-08'),
(40, 20, '2024-04-07'),(40, 1, '2024-04-08'),
(41, 2, '2024-05-07'),(41, 3, '2024-05-08'),
(42, 4, '2024-06-07'),(42, 5, '2024-06-08'),
(43, 6, '2024-07-07'),(43, 7, '2024-07-08'),
(44, 8, '2024-08-07'),(44, 9, '2024-08-08'),
(45, 10, '2024-09-07'),(45, 11, '2024-09-08'),
(46, 12, '2024-10-07'),(46, 13, '2024-10-08'),
(47, 14, '2024-11-07'),(47, 15, '2024-11-08'),
(48, 16, '2024-12-07'),(48, 17, '2024-12-08'),
(49, 18, '2024-01-10'),(49, 19, '2024-01-11'),(49, 20, '2024-01-12');



INSERT INTO TercihEder (KullaniciID, GenreAdi) VALUES
(1, 'Action'),(1, 'Drama'),(1, 'Comedy'),
(2, 'Action'),(2, 'Thriller'),
(3, 'Science Fiction'),(3, 'Fantasy'),(3, 'Adventure'),
(4, 'Horror'),(4, 'Romance'),(4, 'Comedy'),(4, 'Action'),
(5, 'Drama'),(5, 'Adventure'),
(6, 'Comedy'),(6, 'Romance'),
(7, 'Drama'),(7, 'Action'),
(8, 'Fantasy'),(8, 'Thriller'),(8, 'Science Fiction'),
(9, 'Romance'),(9, 'Drama'),(9, 'Comedy'),
(10, 'Action'),(10, 'Adventure'),
(11, 'Thriller'),(11, 'Fantasy'),
(12, 'Science Fiction'),(12, 'Drama'),(12, 'Horror'),
(13, 'Comedy'),(13, 'Action'),
(14, 'Drama'),(14, 'Romance'),(14, 'Thriller'),
(15, 'Adventure'),(15, 'Fantasy'),
(16, 'Action'),(16, 'Drama'),
(17, 'Thriller'),(17, 'Science Fiction'),(17, 'Comedy'),
(18, 'Romance'),(18, 'Horror'),
(19, 'Adventure'),(19, 'Drama'),
(20, 'Action'),(20, 'Fantasy'),
(21, 'Romance'),(21, 'Comedy'),(21, 'Drama'),
(22, 'Drama'),(22, 'Action'),
(23, 'Science Fiction'),(23, 'Fantasy'),(23, 'Thriller'),
(24, 'Horror'),(24, 'Drama'),
(25, 'Action'),(25, 'Adventure'),
(26, 'Romance'),(26, 'Comedy'),(26, 'Drama'),
(27, 'Thriller'),(27, 'Science Fiction'),
(28, 'Fantasy'),(28, 'Action'),
(29, 'Adventure'),(29, 'Comedy'),
(30, 'Romance'),(30, 'Drama'),
(31, 'Drama'),(31, 'Science Fiction'),
(32, 'Action'),(32, 'Thriller'),
(33, 'Fantasy'),(33, 'Adventure'),(33, 'Comedy'),
(34, 'Drama'),(34, 'Romance'),
(35, 'Horror'),(35, 'Action'),
(36, 'Drama'),(36, 'Thriller'),
(37, 'Comedy'),(37, 'Science Fiction'),
(38, 'Fantasy'),(38, 'Adventure'),
(39, 'Romance'),(39, 'Drama'),
(40, 'Action'),(40, 'Thriller'),
(41, 'Drama'),(41, 'Romance'),(41, 'Fantasy'),
(42, 'Comedy'),(42, 'Science Fiction'),(42, 'Action'),
(43, 'Drama'),(43, 'Adventure'),
(44, 'Romance'),(44, 'Horror'),
(45, 'Drama'),(45, 'Fantasy'),
(46, 'Comedy'),(46, 'Action'),(46, 'Adventure'),
(47, 'Thriller'),(47, 'Science Fiction'),
(48, 'Horror'),(48, 'Drama'),
(49, 'Romance'),(49, 'Action'),(49, 'Comedy');


